{"cameraMode":{"drawMode":0,"name":"Shaded","section":"Shading Mode"},"sceneLighting":true,"audioPlay":false,"sceneViewState":{"showFog":true,"showMaterialUpdate":false,"showSkybox":true,"showFlares":true,"showImageEffects":true,"showParticleSystems":true},"in2DMode":false,"pivot":{"x":1.7168363332748414,"y":-20.234670639038087,"z":36.34783172607422},"rotation":{"x":-0.5890286564826965,"y":-0.028594672679901124,"z":0.020862216129899026,"w":-0.8073434233665466},"size":38.37049865722656,"orthographic":false}